Gene Set	SLG1_1	SLG2_1	SLGP1_1	SLGP2_1	SLK1PU_1	SLK1_1	SLK2PU_1	SLK2_1	SLKP1_1	SLKP2_1
ABBUD_LIF_SIGNALING_1_DN	0.5513670516099552	0.5445223567486503	0.5576711594923666	0.5607092377124551	0.5260873242450292	0.5497462620487931	0.5216700470500661	0.5542895943772336	0.5722633831432034	0.5649506193436857
ABBUD_LIF_SIGNALING_1_UP	0.4885660011230732	0.4928520888200907	0.48026476503554566	0.473836135251406	0.5168066488488292	0.4930976660616683	0.505335979325451	0.531051192405003	0.524919968842854	0.47858926776594135
ABBUD_LIF_SIGNALING_2_DN	0.4756697679547671	0.48313458106779505	0.4889869025598774	0.4846451387086194	0.47930523141695147	0.4347088875787737	0.48736446670942607	0.4404522732129977	0.42168609820506964	0.44277789459223466
ABBUD_LIF_SIGNALING_2_UP	0.43657309027885927	0.44856678236822944	0.3952558844278829	0.4020482943120882	0.4892603141909103	0.42798723817257883	0.49030853212874087	0.41674001717635634	0.45434277998156714	0.46054693114438955
ABDELMOHSEN_ELAVL4_TARGETS	0.6436744321176842	0.6566065697039938	0.654616566354294	0.6566060774395476	0.6590926932346715	0.6351199200991325	0.6689309613353159	0.6453943518112739	0.6400693953045893	0.6335422064591996
